{"stats":{"minecraft:custom":{"minecraft:time_since_rest":215313,"minecraft:crouch_one_cm":451,"minecraft:sprint_one_cm":5316,"minecraft:play_time":215654,"minecraft:deaths":1,"minecraft:damage_taken":300,"minecraft:walk_one_cm":121393,"minecraft:sneak_time":3454,"minecraft:drop":2,"minecraft:jump":166,"minecraft:inspect_hopper":1,"minecraft:leave_game":2,"minecraft:time_since_death":215248,"minecraft:total_world_time":215654,"minecraft:fly_one_cm":1491545},"minecraft:picked_up":{"minecraft:quartz_bricks":2,"minecraft:smooth_stone":1,"minecraft:light_gray_carpet":2},"minecraft:killed_by":{"minecraft:zombie":1},"minecraft:dropped":{"minecraft:smooth_stone":1,"minecraft:quartz_bricks":1},"minecraft:used":{"minecraft:polished_andesite_slab":178,"minecraft:stone_bricks":283,"minecraft:oak_leaves":93,"minecraft:quartz_bricks":719,"minecraft:smooth_quartz_stairs":49,"minecraft:glow_berries":8,"minecraft:glowstone":4,"minecraft:smooth_quartz_slab":1,"minecraft:gold_block":79,"minecraft:hopper":2,"minecraft:grass_block":1,"minecraft:polished_andesite":142,"minecraft:gray_carpet":91,"minecraft:polished_andesite_stairs":8,"minecraft:quartz_block":107,"minecraft:light_gray_carpet":133,"minecraft:campfire":1,"minecraft:smooth_stone_slab":104,"minecraft:smooth_stone":163,"minecraft:quartz_stairs":348,"minecraft:polished_deepslate_stairs":8,"minecraft:stone_brick_stairs":94}},"DataVersion":3465}