{"stats":{"minecraft:picked_up":{"minecraft:quartz_bricks":1,"minecraft:light_gray_carpet":2},"minecraft:used":{"minecraft:polished_andesite_slab":149,"minecraft:stone_bricks":9,"minecraft:quartz_bricks":87,"minecraft:polished_andesite":131,"minecraft:gray_carpet":91,"minecraft:light_gray_carpet":133,"minecraft:smooth_stone_slab":102,"minecraft:smooth_stone":159},"minecraft:dropped":{"minecraft:quartz_bricks":1},"minecraft:custom":{"minecraft:time_since_rest":95463,"minecraft:crouch_one_cm":69,"minecraft:play_time":95804,"minecraft:sprint_one_cm":2376,"minecraft:walk_one_cm":67109,"minecraft:damage_taken":300,"minecraft:deaths":1,"minecraft:sneak_time":1037,"minecraft:drop":1,"minecraft:jump":82,"minecraft:leave_game":1,"minecraft:time_since_death":95398,"minecraft:total_world_time":95804,"minecraft:fly_one_cm":452801},"minecraft:killed_by":{"minecraft:zombie":1}},"DataVersion":3465}