{"stats":{"minecraft:picked_up":{"minecraft:wooden_axe":3,"minecraft:quartz_bricks":1,"minecraft:rotten_flesh":2,"minecraft:gray_carpet":7,"minecraft:polished_andesite_slab":1},"minecraft:used":{"minecraft:deepslate_brick_wall":23,"minecraft:quartz_bricks":888,"minecraft:smooth_quartz_stairs":104,"minecraft:smooth_quartz_slab":101,"minecraft:gray_carpet":142,"minecraft:smooth_stone_slab":1497,"minecraft:smooth_stone":8,"minecraft:stone_bricks":178,"minecraft:polished_andesite_slab":1202},"minecraft:dropped":{"minecraft:polished_andesite_slab":1,"minecraft:quartz_bricks":1,"minecraft:wooden_axe":3},"minecraft:custom":{"minecraft:time_since_rest":435807,"minecraft:crouch_one_cm":1517,"minecraft:sprint_one_cm":56066,"minecraft:play_time":436282,"minecraft:deaths":1,"minecraft:damage_taken":325,"minecraft:walk_one_cm":248145,"minecraft:sneak_time":7124,"minecraft:drop":5,"minecraft:jump":441,"minecraft:damage_dealt":10,"minecraft:time_since_death":435429,"minecraft:total_world_time":436282,"minecraft:fly_one_cm":3327820},"minecraft:killed_by":{"minecraft:zombie":1}},"DataVersion":3465}