{"stats":{"minecraft:killed_by":{"minecraft:zombie":1},"minecraft:dropped":{"minecraft:polished_andesite_slab":1,"minecraft:wooden_axe":5,"minecraft:smooth_quartz_slab":1,"minecraft:white_banner":1,"minecraft:quartz_bricks":3,"minecraft:quartz_slab":1},"minecraft:used":{"minecraft:deepslate_brick_wall":27,"minecraft:quartz_bricks":2624,"minecraft:light":383,"minecraft:quartz_slab":472,"minecraft:smooth_quartz_slab":237,"minecraft:iron_block":11,"minecraft:grass_block":3,"minecraft:gray_carpet":197,"minecraft:beacon":38,"minecraft:quartz_stairs":106,"minecraft:stone_bricks":373,"minecraft:polished_andesite_slab":1202,"minecraft:smooth_quartz_stairs":845,"minecraft:dirt":1,"minecraft:loom":1,"minecraft:white_banner":4,"minecraft:smooth_stone_slab":1536,"minecraft:chiseled_quartz_block":17,"minecraft:smooth_stone":29},"minecraft:picked_up":{"minecraft:wooden_axe":5,"minecraft:white_banner":1,"minecraft:quartz_slab":1,"minecraft:quartz_bricks":2,"minecraft:rotten_flesh":2,"minecraft:gray_carpet":8,"minecraft:polished_andesite_slab":1,"minecraft:smooth_quartz_slab":1},"minecraft:custom":{"minecraft:time_since_rest":886652,"minecraft:sprint_one_cm":89459,"minecraft:damage_taken":325,"minecraft:walk_one_cm":494260,"minecraft:drop":12,"minecraft:damage_dealt":10,"minecraft:fly_one_cm":8675396,"minecraft:crouch_one_cm":2070,"minecraft:interact_with_loom":1,"minecraft:play_time":887127,"minecraft:deaths":1,"minecraft:sneak_time":15134,"minecraft:jump":893,"minecraft:leave_game":4,"minecraft:time_since_death":886274,"minecraft:total_world_time":887127}},"DataVersion":3465}