{"stats":{"minecraft:picked_up":{"minecraft:wooden_axe":2,"minecraft:rotten_flesh":2,"minecraft:gray_carpet":7,"minecraft:polished_andesite_slab":1},"minecraft:used":{"minecraft:deepslate_brick_wall":20,"minecraft:quartz_bricks":430,"minecraft:gray_carpet":12,"minecraft:smooth_stone_slab":1465,"minecraft:smooth_stone":4,"minecraft:stone_bricks":16,"minecraft:polished_andesite_slab":616},"minecraft:dropped":{"minecraft:polished_andesite_slab":1,"minecraft:wooden_axe":2},"minecraft:custom":{"minecraft:time_since_rest":297807,"minecraft:crouch_one_cm":412,"minecraft:sprint_one_cm":24638,"minecraft:play_time":298282,"minecraft:deaths":1,"minecraft:damage_taken":325,"minecraft:walk_one_cm":154439,"minecraft:sneak_time":2231,"minecraft:drop":3,"minecraft:jump":282,"minecraft:damage_dealt":10,"minecraft:time_since_death":297429,"minecraft:total_world_time":298282,"minecraft:fly_one_cm":1513053},"minecraft:killed_by":{"minecraft:zombie":1}},"DataVersion":3465}