{"stats":{"minecraft:picked_up":{"minecraft:wooden_axe":2,"minecraft:rotten_flesh":2,"minecraft:gray_carpet":7,"minecraft:polished_andesite_slab":1},"minecraft:used":{"minecraft:deepslate_brick_wall":23,"minecraft:quartz_bricks":494,"minecraft:gray_carpet":12,"minecraft:smooth_stone_slab":1465,"minecraft:smooth_stone":4,"minecraft:stone_bricks":17,"minecraft:polished_andesite_slab":683},"minecraft:dropped":{"minecraft:polished_andesite_slab":1,"minecraft:wooden_axe":2},"minecraft:custom":{"minecraft:time_since_rest":321807,"minecraft:crouch_one_cm":597,"minecraft:sprint_one_cm":26753,"minecraft:play_time":322282,"minecraft:deaths":1,"minecraft:damage_taken":325,"minecraft:walk_one_cm":164485,"minecraft:sneak_time":3149,"minecraft:drop":3,"minecraft:jump":314,"minecraft:damage_dealt":10,"minecraft:time_since_death":321429,"minecraft:total_world_time":322282,"minecraft:fly_one_cm":1817517},"minecraft:killed_by":{"minecraft:zombie":1}},"DataVersion":3465}