{"stats":{"minecraft:picked_up":{"minecraft:wooden_axe":2,"minecraft:rotten_flesh":2,"minecraft:gray_carpet":7,"minecraft:polished_andesite_slab":1},"minecraft:used":{"minecraft:deepslate_brick_wall":20,"minecraft:quartz_bricks":486,"minecraft:gray_carpet":12,"minecraft:smooth_stone_slab":1465,"minecraft:smooth_stone":4,"minecraft:stone_bricks":16,"minecraft:polished_andesite_slab":683},"minecraft:dropped":{"minecraft:polished_andesite_slab":1,"minecraft:wooden_axe":2},"minecraft:custom":{"minecraft:time_since_rest":309807,"minecraft:crouch_one_cm":566,"minecraft:sprint_one_cm":24969,"minecraft:play_time":310282,"minecraft:deaths":1,"minecraft:damage_taken":325,"minecraft:walk_one_cm":159568,"minecraft:sneak_time":2876,"minecraft:drop":3,"minecraft:jump":300,"minecraft:damage_dealt":10,"minecraft:time_since_death":309429,"minecraft:total_world_time":310282,"minecraft:fly_one_cm":1695892},"minecraft:killed_by":{"minecraft:zombie":1}},"DataVersion":3465}