{"stats":{"minecraft:picked_up":{"minecraft:wooden_axe":2,"minecraft:rotten_flesh":2,"minecraft:gray_carpet":7,"minecraft:polished_andesite_slab":1},"minecraft:used":{"minecraft:deepslate_brick_wall":20,"minecraft:quartz_bricks":430,"minecraft:gray_carpet":12,"minecraft:smooth_stone_slab":1465,"minecraft:smooth_stone":4,"minecraft:stone_bricks":14,"minecraft:polished_andesite_slab":277},"minecraft:dropped":{"minecraft:polished_andesite_slab":1,"minecraft:wooden_axe":2},"minecraft:custom":{"minecraft:time_since_rest":237807,"minecraft:crouch_one_cm":253,"minecraft:sprint_one_cm":24443,"minecraft:play_time":238282,"minecraft:deaths":1,"minecraft:damage_taken":325,"minecraft:walk_one_cm":138043,"minecraft:sneak_time":1848,"minecraft:drop":3,"minecraft:jump":264,"minecraft:damage_dealt":10,"minecraft:time_since_death":237429,"minecraft:total_world_time":238282,"minecraft:fly_one_cm":1419000},"minecraft:killed_by":{"minecraft:zombie":1}},"DataVersion":3465}