{"stats":{"minecraft:picked_up":{"minecraft:wooden_axe":2,"minecraft:quartz_bricks":1,"minecraft:rotten_flesh":2,"minecraft:gray_carpet":7,"minecraft:polished_andesite_slab":1},"minecraft:used":{"minecraft:deepslate_brick_wall":23,"minecraft:quartz_bricks":662,"minecraft:smooth_quartz_stairs":78,"minecraft:smooth_quartz_slab":57,"minecraft:gray_carpet":142,"minecraft:smooth_stone_slab":1486,"minecraft:smooth_stone":8,"minecraft:stone_bricks":85,"minecraft:polished_andesite_slab":688},"minecraft:dropped":{"minecraft:polished_andesite_slab":1,"minecraft:quartz_bricks":1,"minecraft:wooden_axe":2},"minecraft:custom":{"minecraft:time_since_rest":369807,"minecraft:crouch_one_cm":793,"minecraft:sprint_one_cm":44369,"minecraft:play_time":370282,"minecraft:deaths":1,"minecraft:damage_taken":325,"minecraft:walk_one_cm":181510,"minecraft:sneak_time":4175,"minecraft:drop":4,"minecraft:jump":359,"minecraft:damage_dealt":10,"minecraft:time_since_death":369429,"minecraft:total_world_time":370282,"minecraft:fly_one_cm":2321564},"minecraft:killed_by":{"minecraft:zombie":1}},"DataVersion":3465}