{"stats":{"minecraft:killed_by":{"minecraft:zombie":1},"minecraft:dropped":{"minecraft:smooth_quartz_slab":1,"minecraft:polished_andesite_slab":1,"minecraft:quartz_bricks":2,"minecraft:wooden_axe":5},"minecraft:used":{"minecraft:deepslate_brick_wall":25,"minecraft:smooth_quartz_stairs":733,"minecraft:quartz_bricks":1651,"minecraft:light":338,"minecraft:dirt":1,"minecraft:grass_block":1,"minecraft:smooth_quartz_slab":237,"minecraft:iron_block":11,"minecraft:gray_carpet":197,"minecraft:smooth_stone_slab":1536,"minecraft:beacon":38,"minecraft:smooth_stone":29,"minecraft:quartz_stairs":73,"minecraft:stone_bricks":368,"minecraft:polished_andesite_slab":1202},"minecraft:picked_up":{"minecraft:wooden_axe":5,"minecraft:quartz_bricks":1,"minecraft:rotten_flesh":2,"minecraft:gray_carpet":8,"minecraft:polished_andesite_slab":1,"minecraft:smooth_quartz_slab":1},"minecraft:custom":{"minecraft:time_since_rest":646149,"minecraft:crouch_one_cm":1893,"minecraft:sprint_one_cm":78988,"minecraft:play_time":646624,"minecraft:deaths":1,"minecraft:damage_taken":325,"minecraft:walk_one_cm":361263,"minecraft:sneak_time":13087,"minecraft:drop":9,"minecraft:jump":698,"minecraft:damage_dealt":10,"minecraft:leave_game":1,"minecraft:time_since_death":645771,"minecraft:total_world_time":646624,"minecraft:fly_one_cm":7700850}},"DataVersion":3465}